#,国家/地区,<span style='color:#000;'>金</span>,<span style='color:#000;'>银</span>,铜,总奖牌
1,中国,169,89,83,341
2,日本,83,95,91,269
3,韩国,39,43,68,150
4,印度,21,27,37,85
5,乌兹别克斯坦,21,25,24,70
6,伊朗,19,18,15,52
7,泰国,18,13,21,52
8,哈萨克斯坦,12,24,48,84
9,香港,11,19,24,54
10,巴林,11,5,6,22
21,新加坡,2,9,7,18
11,马来西亚,9,7,16,32
12,朝鲜,7,13,9,29
13,阿联酋,7,5,1,13
14,卡塔尔,6,6,6,18
15,中华台北,5,17,33,55
16,印度尼西亚,5,11,23,39
17,菲律宾,4,9,16,29
18,沙特阿拉伯,4,3,10,17
19,科威特,4,1,4,9
20,越南,3,3,19,25
21,新加坡,2,9,7,18
22,塔吉克斯坦,2,5,9,16
23,约旦,2,3,6,11
24,缅甸,2,1,2,5
25,澳门,1,4,1,6
26,吉尔吉斯斯坦,1,3,10,14
27,蒙古,1,1,13,15
28,斯里兰卡,1,1,1,3
29,巴基斯坦,0,2,8,10
30,伊拉克,0,2,3,5
31,土库曼斯坦,0,2,0,2
32,阿富汗,0,1,2,3
32,黎巴嫩,0,1,2,3
34,阿曼,0,1,1,2
35,柬埔寨,0,0,4,4
36,尼泊尔,0,0,2,2
37,孟加拉国,0,0,1,1
37,文莱,0,0,1,1
37,老挝,0,0,1,1
37,叙利亚,0,0,1,1
